<?xml version="1.0" encoding="ISO-8859-1"?><!DOCTYPE document PUBLIC "-//APACHE//DTD Documentation V1.3//EN" "document-v13.dtd">
<document xmlns:i18n="http://apache.org/cocoon/i18n/2.1"><header><title>Release Notes for Apache FOP 1.1</title></header><body><section id="version_1.1"><title>Major Changes in Version 1.1</title><note>This is not a complete list of changes, just some of the more important ones.
     A full list of changes in this release <a href="changes_1.1.html">is available</a>.
      </note><section><title>Changes to the Code Base</title><ul><li><icon alt="fix" src="../images/fix.jpg"/>
        Update to use of checkstyle-5.5 as default configuration. Remove checkstyle-4.0 configuration. Also, import environment build properties before local properties, so that latter can refer to former.
       Committed by GA. See Issue <link href="http://issues.apache.org/bugzilla/show_bug.cgi?id=53083">53083</link>.</li><li><icon alt="fix" src="../images/fix.jpg"/>
        Invoke JVM in headless mode from FOP command scripts and JS shell to prevent stealing focus from GUI applications.
       Committed by GA. See Issue <link href="http://issues.apache.org/bugzilla/show_bug.cgi?id=50062">50062</link>.</li><li><icon alt="fix" src="../images/fix.jpg"/>
        Support list-block in marker, thus preventing NPE.
       Committed by GA. See Issue <link href="http://issues.apache.org/bugzilla/show_bug.cgi?id=52763">52763</link>.</li><li><icon alt="fix" src="../images/fix.jpg"/>
        Allow https scheme URI for PDF external action target.
       Committed by GA. Thanks to Paul Huemer. See Issue <link href="http://issues.apache.org/bugzilla/show_bug.cgi?id=51599">51599</link>.</li><li><icon alt="fix" src="../images/fix.jpg"/>
        Fixed incorrect rejection of fo:wrapper inside fo:inline inside fo:footnote-body.
       Committed by GA. Thanks to Alberto Sim�es. See Issue <link href="http://issues.apache.org/bugzilla/show_bug.cgi?id=53005">53005</link>.</li><li><icon alt="add" src="../images/add.jpg"/>
        Added support for PDF Object Streams. When accessibility is enabled and PDF version 1.5 
        selected, the structure tree will be stored in object streams in order to reduce the size of 
        the final PDF.
       Committed by VH. Thanks to Peter Hancock.</li><li><icon alt="fix" src="../images/fix.jpg"/>
        Fixed bug that caused a configured and installed SVG font to be stroked,
        also added an event indicating when fonts are stroked.
       Committed by MH. Thanks to Luis Bernardo. See Issue <link href="http://issues.apache.org/bugzilla/show_bug.cgi?id=52849">52849</link>.</li><li><icon alt="add" src="../images/add.jpg"/>
          Improved support for empty flow-name mapping.
       Committed by PH. See Issue <link href="http://issues.apache.org/bugzilla/show_bug.cgi?id=50391">50391</link>.</li><li><icon alt="add" src="../images/add.jpg"/>
        Add support for different flow-name of fo:region-body in FOP
       Committed by CB. Thanks to Peter Hancock. See Issue <link href="http://issues.apache.org/bugzilla/show_bug.cgi?id=50391">50391</link>.</li><li><icon alt="add" src="../images/add.jpg"/>
        Allow JPEG images to be embedded in an AFP document as is, without being decoded and 
        encoded.
       Committed by PH. Thanks to Mehdi Houshmand. See Issue <link href="http://issues.apache.org/bugzilla/show_bug.cgi?id=52089">52089</link>.</li><li><icon alt="add" src="../images/add.jpg"/>
        Fix for when the last simple-page-master referenced in a page-sequence-master is not
        chosen when force-page-count=odd.
       Committed by PH. Thanks to Mehdi Houshmand. See Issue <link href="http://issues.apache.org/bugzilla/show_bug.cgi?id=51962">51962</link>.</li><li><icon alt="add" src="../images/add.jpg"/>
        Upgraded all tests to JUnit 4.
       Committed by VH. Thanks to Mehdi Houshmand. See Issue <link href="http://issues.apache.org/bugzilla/show_bug.cgi?id=51928">51928</link>.</li><li><icon alt="add" src="../images/add.jpg"/>
        Added support for resolution of relative URIs against a specified xml:base during
        property refinement.
       Committed by AD. See Issue <link href="http://issues.apache.org/bugzilla/show_bug.cgi?id=48334">48334</link>.</li></ul></section><section><title>Changes to the User Configuration</title><ul><li><icon alt="add" src="../images/add.jpg"/>
        Added configuration option to set the version of the output PDF document.
       Committed by VH. Thanks to Mehdi Houshmand. See Issue <link href="http://issues.apache.org/bugzilla/show_bug.cgi?id=51385">51385</link>.</li></ul></section><section><title>Changes to the Font Subsystem</title><ul><li><icon alt="add" src="../images/add.jpg"/>
        Add support for OpenType advanced typographic tables (GDEF, GSUB, GPOS).
       Committed by GA.</li><li><icon alt="fix" src="../images/fix.jpg"/>
        Changes the way PostScript handles Graphics2D images such that if the language is set to
        level 3, the image is stored as an embedded file which has no length limit.  Previously it
        was stored as an array which has a implementation limit of 65535 elements.
       Committed by PH. Thanks to Mehdi Houshmand. See Issue <link href="http://issues.apache.org/bugzilla/show_bug.cgi?id=51760">51760</link>.</li><li><icon alt="fix" src="../images/fix.jpg"/>
        Improved support for EBCDIC encoded double byte fonts fo AFP.
       Committed by PH. Thanks to Mehdi Houshmand. See Issue <link href="http://issues.apache.org/bugzilla/show_bug.cgi?id=51530">51530</link>.</li><li><icon alt="fix" src="../images/fix.jpg"/>
        Reinstated support for being able to specify a font cache filepath in the fop user configuration.
       Committed by AC.</li><li><icon alt="add" src="../images/add.jpg"/>
        Added convenience support for the flushing of the Fop font cache file from the command line.
       Committed by AC.</li></ul></section><section><title>Changes to the Image Support</title><ul><li><icon alt="fix" src="../images/fix.jpg"/>
        Support use of ImageLoaderRawPNG decoder in order to prevent re-encoding of PNG images (and unnecssary output file bloat).
       Committed by GA. Thanks to Luis Bernardo, Matthias Reischenbacher. See Issue <link href="http://issues.apache.org/bugzilla/show_bug.cgi?id=40676">40676</link>.</li></ul></section><section><title>Changes to the Layout Engine</title><ul><li><icon alt="fix" src="../images/fix.jpg"/>
        Fix for break before (break-before) not respected on blocks nested in inlines.
       Committed by GA. Thanks to Luis Bernardo. See Issue <link href="http://issues.apache.org/bugzilla/show_bug.cgi?id=45715">45715</link>.</li><li><icon alt="fix" src="../images/fix.jpg"/>
        Ensure square image is appropriately scaled.
       Committed by GA. Thanks to Luis Bernardo. See Issue <link href="http://issues.apache.org/bugzilla/show_bug.cgi?id=52514">52514</link>.</li><li><icon alt="add" src="../images/add.jpg"/>
        Add support for complex scripts, including: full bidi support, support for advanced
        typographic tables, advanced support for number conversion.
       Committed by GA. See Issue <link href="http://issues.apache.org/bugzilla/show_bug.cgi?id=32789">32789</link>, <link href="http://issues.apache.org/bugzilla/show_bug.cgi?id=49008">49008</link>, <link href="http://issues.apache.org/bugzilla/show_bug.cgi?id=49687">49687</link>.</li><li><icon alt="fix" src="../images/fix.jpg"/>
        Implemented non-standard behavior for basic-link areas, such that they take into account the 
        heights of their descendants areas.
       Committed by VH.</li><li><icon alt="fix" src="../images/fix.jpg"/>
        Fix for keep-together does not apply to fo:table-cell.
       Committed by VH.</li><li><icon alt="fix" src="../images/fix.jpg"/>
        Fix for keep-together on a table containing row-spanning cells that was not honored.
       Committed by VH.</li><li><icon alt="fix" src="../images/fix.jpg"/>
        Fix forpadding-start ignored when table-header/footer is repeated.
       Committed by VH. Thanks to Matthias Reischenbacher. See Issue <link href="http://issues.apache.org/bugzilla/show_bug.cgi?id=50196">50196</link>.</li><li><icon alt="fix" src="../images/fix.jpg"/>
        Fix for correct behavior of keep-together.within-line in case there are nested inlines
       Committed by AD. See Issue <link href="http://issues.apache.org/bugzilla/show_bug.cgi?id=49848">49848</link>.</li></ul></section><section><title>Changes to Renderers (Output Formats)</title><ul><li><icon alt="add" src="../images/add.jpg"/>
        Added possibility to embed TrueType fonts in PostScript.
       Committed by VH. See Issue <link href="http://issues.apache.org/bugzilla/show_bug.cgi?id=52338">52338</link>.</li><li><icon alt="fix" src="../images/fix.jpg"/>
        Add extension to place code just before PostScript %PageTrailer.
       Committed by GA. Thanks to Luis Bernardo. See Issue <link href="http://issues.apache.org/bugzilla/show_bug.cgi?id=53295">53295</link>.</li><li><icon alt="add" src="../images/add.jpg"/>
        Added support for 128bit encryption in PDF output.
       Committed by VH. Thanks to Michael Rubin.</li><li><icon alt="add" src="../images/add.jpg"/>
        Added an IFDocumentHandler filter for triggering rendering events.  Created an Event that
        captures an end page event with the page number.
       Committed by PH.</li><li><icon alt="fix" src="../images/fix.jpg"/>
        AFP GOCA: Changed the way FOP fonts are selected based on Batik's GVT fonts to match
        the behaviour of PDF/PS output.
       Committed by JM.</li><li><icon alt="add" src="../images/add.jpg"/>
        Added option to place AFP NOPs right before the end of a named page group (page-sequence),
        rather than after the start.
       Committed by JM.</li><li><icon alt="add" src="../images/add.jpg"/>
        Added option for PostScript output to optimize for file size rather than quality.
       Committed by JM.</li><li><icon alt="add" src="../images/add.jpg"/>
        AFP GOCA: Added option to disable GOCA and to control text painting inside GOCA graphics.
       Committed by JM.</li><li><icon alt="fix" src="../images/fix.jpg"/>
        Increased maximum possible PDF size from 2GB to around 9GB (hard maximum imposed by the PDF specification).
       Committed by JM.</li><li><icon alt="add" src="../images/add.jpg"/>
        Added support for CIE Lab colors (from XSL-FO 2.0 WD).
       Committed by JM.</li><li><icon alt="add" src="../images/add.jpg"/>
        Initial work on spot colors (aka named colors) for PDF output.
       Committed by JM. Thanks to Patrick Jaromin. See Issue <link href="http://issues.apache.org/bugzilla/show_bug.cgi?id=49403">49403</link>.</li><li><icon alt="add" src="../images/add.jpg"/>
        Added ability to embed an external AFP page segment resource file (AFP output only).
       Committed by JM. Thanks to Peter Hancock. See Issue <link href="http://issues.apache.org/bugzilla/show_bug.cgi?id=49379">49379</link>.</li></ul></section></section></body></document>