<?xml version="1.0" encoding="ISO-8859-1"?><!--
  Licensed to the Apache Software Foundation (ASF) under one or more
  contributor license agreements.  See the NOTICE file distributed with
  this work for additional information regarding copyright ownership.
  The ASF licenses this file to You under the Apache License, Version 2.0
  (the "License"); you may not use this file except in compliance with
  the License.  You may obtain a copy of the License at

       http://www.apache.org/licenses/LICENSE-2.0

  Unless required by applicable law or agreed to in writing, software
  distributed under the License is distributed on an "AS IS" BASIS,
  WITHOUT WARRANTIES OR CONDITIONS OF ANY KIND, either express or implied.
  See the License for the specific language governing permissions and
  limitations under the License.
--><!-- $Id: team.xml 1357814 2012-07-05 19:15:13Z gadams $ --><!DOCTYPE document PUBLIC "-//APACHE//DTD Documentation V1.3//EN" "http://forrest.apache.org/dtd/document-v13.dtd">
<document>
  <header>
    <title>Apache&#8482; FOP: Development Team</title>
    <version>$Revision: 1357814 $</version>
  </header>
  <body>
    <p>
      All lists on this page are in alphabetical order. Some of them may be incomplete.
      If you know of an error or omission, please send a message to the 
      <link href="mailto:fop-dev@xmlgraphics.apache.org">fop-dev</link> mailing list.</p>
    <section id="commit-active">
      <title>Active Committers</title>
      <note label="Important">Please don't write to any developer directly if you need help on using FOP. Only if you submit questions to the <link href="maillist.html#fop-user">FOP User Mailing List</link> will other FOP users be able to profit from answers given to your question. Another point is that a developer may have gone inactive or is on holidays in which case you may not get an answer in time.</note>
      <ul>
        <li id="ga"><link href="mailto:gadams@apache.org">Glenn Adams</link> (GA)
          is an independent consultant. He is former technical director of the Unicode Consortium,
          and a co-author of the Unicode Standard. He served on ISO JTC1/SC2 
          (Coded Character Sets) and JTC1/SC18/WG8 (Document Processing) committees, and was actively 
          involved in the creation of ISO 8879 (SGML), ISO/IEC 9541 (Font Information Interchange), 
          ISO/IEC 10179 (DSSSL), ISO/IEC 10180 (SPDL), ISO/IEC 10646 (Universal Coded Character Set), 
          and, within the W3C, on XSL-FO 1.0.</li>
        <li id="cb"><link href="mailto:bowditch_chris@hotmail.com">Chris Bowditch</link> (CB)
            is a Java/VB Programmer from England.</li>
        <li id="ac"><link href="mailto:acumiskey AT apache.org">Adrian Cumiskey</link> (AC)
            is an XP/Agile practitioner with interests in open source content management and electronic
            document generation.  He is a UK expat now residing in Singapore.</li>
        <li id="ad"><link href="mailto:adelmelle@apache.org">Andreas Delmelle</link> (AD)</li>
        <li id="pjfh"> <link href="mailto:phancock.at.apache.org">Peter Hancock</link>
          (PH) is a Java developer from England.</li>
        <li id="vh"><link href="mailto:vhennebert@apache.org">Vincent Hennebert</link>
          (VH), a Java developer from France; with an interest in typography, and in using
          Fop as a pdf renderer for book-like documents.</li>
        <li id="mh"><link href="mailto:mehdi@apache.org">Mehdi Houshmand</link> (MH)
          is a developer from the UK with a background in Physics. 
          Worked on Flow Cytometry for research and military uses, Telecoms systems and CMS software. 
          Programmed in C/C++, Java and currently learning Python</li>
        <li id="cl"><link href="mailto:clay@apache.org">Clay Leeds</link> (CL)
          is a web/WAP/Palm developer from Laguna Beach, California, USA. A 
          recent XML/XSL-FO convert, he has been nit-picking FAQs &amp; assorted web 
          pages since his first webmaster position @brain.com in 1996. Most 
          important creation? He's got a couple of cool kids.</li>
        <li id="jm"><link href="mailto:jeremias@apache.org">Jeremias M&#65533;rki</link> (JM)
          is an independent software engineer and consultant from Lucerne, Switzerland. He's also
          the creator of <fork href="http://barcode4j.sourceforge.net">Barcode4J</fork>. 
          See his <fork href="http://www.jeremias-maerki.ch">home page</fork> for more information
          about him.
        </li>
        <li id="sp"><link href="mailto:spepping@apache.org">Simon Pepping</link> (SP) came to FOP
            from the TeX/LaTeX world. See his <fork href="http://www.leverkruid.eu">home
            page</fork> for some of his private projects.</li>
        <li id="jp"><link href="mailto:pietsch@apache.org">J&#65533;rg Pietschmann</link> (JP)</li>
        <li id="ps"><link href="mailto:tcho@club-internet.fr">Pascal Sancho</link> (PS)
	        is an XML developper from Aix-en-Provence (France). He works on software solutions for 	 
	        rendering various kind of documents on various supports, more specifically taking care 	 
	        of PDF generation with FOP.</li> 	 
      </ul>
    </section>
    <section id="contribute-active">
      <title>Active Contributors</title>
      <ul>
        <li id="gd">Georg Datterl is a software developer from Austria, currently working for 
          Geneon media solutions gmbh in Nuremberg, Germany. He needs FOP to wrestle gigabytes of 
          electronic data into thousands of printed pages.</li>
        <li id="lm">Louis Masters</li>
        <li id="lb">Luis Bernardo</li>
      </ul>
    </section>
    <section id="founder">
      <title>Founder</title>
      <p>FOP was originally created and donated to the Apache Software Foundation by <link href="mailto:jtauber@jtauber.com">James Tauber</link>. 
      Information about him can be found at <fork href="http://www.jtauber.com">his website</fork>.</p>
    </section>
    <section id="commit-inactive">
      <title>Inactive Committers</title>
      <ul>
        <li id="mb"><link href="mailto:max AT berger DOT name">Max Berger</link> (MB)</li>
        <li id="fb"><link href="mailto:bckfnn@worldonline.dk">Finn Bock</link> (FB)</li>
        <li id="jb"><link href="mailto:jay@bryantcs.com">Jay Bryant</link> (JB)</li>
        <li id="kc"><link href="mailto:kellyc@apache.org">Kelly Campbell</link></li>
        <li id="sc"><link href="mailto:gears@apache.org">Steven Coffman</link></li>
        <li id="bd"><link href="mailto:bdelacretaz@apache.org">Bertrand Delacretaz</link></li>
        <li id="te"><link href="mailto:tore@apache.org">Tore Engvig</link></li>
        <!-- Luca prefers the mail address with "AT", to stop spam, etc. -->
        <li id="lf"><link href="mailto:lfurini AT cs.unibo.it">Luca Furini</link> (LF)</li>
        <li id="cg"><link href="mailto:chrisg@apache.org">Christian Geisert</link> (CG)</li>
        <li id="sg"><link href="mailto:stanislav@apache.org">Stanislav Gorkhover</link></li>
        <li id="ph"><link href="mailto:pherweg@web.de">Peter Herweg</link></li>
        <li id="fj"><link href="mailto:fotis@apache.org">Fotis Jannidis</link></li>
        <li id="kl"><link href="mailto:klease@apache.org">Karen Lease</link></li>
        <li id="kll"><link href="mailto:keiron@apache.org">Keiron Liddle</link></li>
        <li id="mm"><link href="mailto:manuel@apache.org">Manuel Mall</link> (MM)</li>
        <li id="gm"><link href="mailto:gmazza@apache.org">Glen Mazza</link></li>
        <li id="wvm"><link href="mailto:vmote@apache.org">Victor Mote</link></li>
        <li id="jn"><link href="mailto:jordan@apache.org">Jordan Naftolin</link></li>
        <li id="as"><link href="mailto:arved@apache.org">Arved Sandstrom</link></li>
        <li id="es"><link href="mailto:eschaeffer@apache.org">Eric Schaeffer</link></li>
        <li id="ot"><link href="mailto:olegt@apache.org">Oleg Tkachenko</link> (OT)</li>
        <li id="aw"><link href="mailto:artw@apache.org">Art Welch</link></li>
        <li id="pbw"><link href="mailto:pbwest@apache.org">Peter B. West</link></li>
      </ul>
    </section>
  </body>
</document>